_id,username,email,password,__v,unique_id
63b1f88e7753c5b025ebb3de,kc03385,123@gmail.com,5345346346,0,
63b38d2cfccf0e66a94eb9fa,1231211,dfssfd@gmail.com,werwetwet,0,
63b38fdcfccf0e66a94eb9ff,45646,325@gmail.com,fsdfsdf,0,
63c302b8f1d7cc9459883257,khari,kh@gmail.com,$2a$10$AkTtzUfpScCcrs0ssE78dOddsoSts6A.iLrfHfnVmWQFTUr.xcUDq,0,1
63c327dbb0965c9a3b6d2805,kc03385,k@gmail.com,$2a$10$h/3KZSNYzgM2yqmUZrrrh.6fMhkq/9PLHn3mE/ZuqItPQ0JI1HgQS,0,2
63c49bff9a5be3f4aad88b4c,kajalhari,kajalhari@gmail.com,$2a$10$u6GDkm9CWqzUq8xFW4ZSW./d82Ts8Z3t6q7L94zlX7WTAOvanQdES,0,3
63cc626b324188cdd1f21160,admin,admin@gmail.com,$2a$10$exClihjgK/GjHPnccTOZiu8f1yZUJeW6Wzp1bJskxDpHd4FkalIFe,0,4
63d3d04d7b085406847acffb,sonya,sonya@gmail.com,123456,0,5
63d40bf35f3b691357eae8a5,hari,hari@gmail.com,$2a$10$hOA9v8K0pLHEO4Jle1Kts.3JV3PQbtrwF/IQ.Em1lhiQZxu56esmW,0,6
63d582e63d4aa099ffceeeb9,kc03385,kh@gmail.com,$2a$10$G3Ys1qTxukqyEbi4aVmNAuPS2.tyCxvwTlOI/IlBiThxqF2MuxDUK,0,7
63d591773d4aa099ffceeebd,gg,gg,$2a$10$ZxsY0UG0R2hbWLGhRDfP/.6wNjWNCisljj99R93PRxcHl8pS73Kf.,0,8
63d591da3d4aa099ffceeec1,gg,kh@gmail.com,$2a$10$TkWqfqohTRkk9wvtHVZCT.2ELEoTnSkCk6mkZB30VmWA.bBe/Nuuu,0,9
63d591fe3d4aa099ffceeec5,ff,ff,$2a$10$LnSRGKBQ2whWq7p4aww1w.uzwNbsn5Q3OPIvaerYF6DmSZyCV0blS,0,10
63d592913d4aa099ffceeed3,gg,hh,$2a$10$/PdyK/1h4XmuQrsT9.9T3e6pp9.IGxlT8LXY23Wv7bCPi8phaseOi,0,11
63d592d93d4aa099ffceeed7,ds,dsd,$2a$10$4ukrJN1g4vQOGanPhTslpepWXEy777N.uBwQ1FetQAh033HuLfoWS,0,12
63d593a23d4aa099ffceeee1,fff,ff,$2a$10$ODOnn9xsMoRo/v06GIgo8.FdazWiTV0weOBtF71VRkXYk8sP5KGV6,0,13
63d595163d4aa099ffceeee5,hh,hh,$2a$10$z3DZg8Nyg1Rp.JFX1gb7/uzyUyXGsnM3e.szkh5xgmDNC8u3oZ7ui,0,14
68362eabb1bdb9a0946403e7,kcmain,kajal@gmail.com,$2a$10$x5GZaRNoZ0SWEfLmC9QjYeSZrYSLn596E5OoXr8rZYSBd4x/TVSzi,0,15
